{"properties": [
  {
    "name": "spring.cloud.config.label",
    "type": "java.lang.String",
    "description": "A description for 'spring.cloud.config.label'"
  },
  {
    "name": "Dspring.profiles.active",
    "type": "java.lang.String",
    "description": "A description for 'Dspring.profiles.active'"
  },
  {
    "name": "management.endpoits.web.exposure.include",
    "type": "java.lang.String",
    "description": "A description for 'management.endpoits.web.exposure.include'"
  },
  {
    "name": "eureka.client.serviceUrl.defaultZone",
    "type": "java.lang.String",
    "description": "A description for 'eureka.client.serviceUrl.defaultZone'"
  },
  {
    "name": "eureka.instance.preferIpAddress",
    "type": "java.lang.String",
    "description": "A description for 'eureka.instance.preferIpAddress'"
  },
  {
    "name": "eureka.client.serviceUrl.defaultZone",
    "type": "java.lang.String",
    "description": "A description for 'eureka.client.serviceUrl.defaultZone'"
  },
  {
    "name": "spring.cloud.openfeign.enabled",
    "type": "java.lang.String",
    "description": "A description for 'spring.cloud.openfeign.enabled'"
  },
  {
    "name": "feign.connectTimeout",
    "type": "java.lang.String",
    "description": "A description for 'feign.connectTimeout'"
  },
  {
    "name": "feign.readTimeout",
    "type": "java.lang.String",
    "description": "A description for 'feign.readTimeout'"
  }
]}